team,matches,wins,win_rate,avg_goals,avg_conceded
Scotland,854,403,0.4718969555035129,1.7037470725995316,1.2295081967213115
England,1093,626,0.5727355901189387,2.182067703568161,0.9542543458371455
Wales,726,234,0.32231404958677684,1.2534435261707988,1.5977961432506886
Northern Ireland,707,185,0.26166902404526166,1.0480905233380482,1.833097595473833
United States,793,352,0.44388398486759145,1.5182849936948297,1.3228247162673392
Uruguay,973,428,0.4398766700924974,1.5775950668037,1.211716341212744
Austria,863,368,0.4264194669756663,1.7891077636152954,1.5249130938586326
Hungary,1006,472,0.4691848906560636,1.9990059642147118,1.474155069582505
Argentina,1072,593,0.5531716417910447,1.8945895522388059,1.0027985074626866
Belgium,856,382,0.4462616822429907,1.8119158878504673,1.5081775700934579
France,938,478,0.509594882729211,1.8315565031982943,1.2899786780383795
Guernsey,240,145,0.6041666666666666,2.566666666666667,1.3041666666666667
Jersey,235,153,0.6510638297872341,2.74468085106383,1.2127659574468086
Netherlands,882,453,0.5136054421768708,2.0895691609977325,1.2222222222222223
Guyana,313,103,0.329073482428115,1.3674121405750799,1.7571884984025559
Czechoslovakia,520,236,0.45384615384615384,1.8923076923076922,1.3865384615384615
Alderney,135,5,0.037037037037037035,0.5407407407407407,4.592592592592593
Switzerland,887,317,0.3573844419391206,1.4937993235625704,1.6313416009019166
Sweden,1104,542,0.49094202898550726,1.9710144927536233,1.2880434782608696
Germany,1034,600,0.5802707930367504,2.250483558994197,1.1595744680851063
Italy,893,477,0.5341545352743561,1.7525195968645018,0.9809630459126539
Chile,835,316,0.3784431137724551,1.4095808383233532,1.421556886227545
Norway,875,329,0.376,1.5485714285714285,1.6194285714285714
Russia,749,385,0.514018691588785,1.7369826435246996,0.9813084112149533
Finland,818,216,0.26405867970660146,1.17359413202934,2.047677261613692
Luxembourg,467,50,0.10706638115631692,0.6338329764453962,2.5781584582441113
Denmark,874,402,0.459954233409611,1.8157894736842106,1.3421052631578947
Catalonia,48,19,0.3958333333333333,1.5625,1.75
Philippines,342,93,0.2719298245614035,1.2076023391812865,2.2777777777777777
Basque Country,64,39,0.609375,2.5625,1.390625
China,702,339,0.4829059829059829,1.8304843304843306,1.0940170940170941
Brazil,1062,672,0.632768361581921,2.1713747645951034,0.9020715630885122
Japan,793,390,0.4918032786885246,1.8221941992433797,1.150063051702396
Paraguay,786,275,0.34987277353689566,1.27735368956743,1.421119592875318
Greece,633,240,0.3791469194312796,1.25434439178515,1.387045813586098
Spain,786,461,0.5865139949109415,2.0381679389312977,0.8944020356234097
Egypt,759,379,0.4993412384716733,1.6152832674571804,1.010540184453228
Suriname,399,173,0.43358395989974935,1.8796992481203008,1.4160401002506267
Canada,472,180,0.3813559322033898,1.3029661016949152,1.298728813559322
Estonia,550,136,0.24727272727272728,0.9890909090909091,1.770909090909091
Costa Rica,724,316,0.43646408839779005,1.7099447513812154,1.1850828729281768
Guatemala,554,199,0.3592057761732852,1.3971119133574008,1.3772563176895307
Brittany,12,6,0.5,1.5,1.25
Poland,892,384,0.4304932735426009,1.6804932735426008,1.3464125560538116
Yugoslavia,483,223,0.4616977225672878,1.950310559006211,1.565217391304348
New Zealand,419,172,0.4105011933174224,1.7446300715990453,1.494033412887828
Romania,766,335,0.43733681462140994,1.6174934725848564,1.2754569190600522
Latvia,461,128,0.27765726681127983,1.17353579175705,1.6572668112798266
Galicia,12,5,0.4166666666666667,1.75,1.9166666666666667
Portugal,698,349,0.5,1.7593123209169055,1.1160458452722064
Andalusia,13,8,0.6153846153846154,1.9230769230769231,1.0769230769230769
Australia,584,297,0.5085616438356164,2.0017123287671232,1.0599315068493151
Lithuania,433,111,0.25635103926096997,0.9953810623556582,1.8152424942263279
Turkey,645,259,0.4015503875968992,1.3937984496124032,1.4046511627906977
Central Spain,2,1,0.5,1.0,2.0
Mexico,1006,516,0.5129224652087475,1.7594433399602385,1.047713717693837
Aruba,152,32,0.21052631578947367,1.3092105263157894,2.348684210526316
Republic of Ireland,633,243,0.38388625592417064,1.3554502369668247,1.2148499210110584
Haiti,513,216,0.42105263157894735,1.6335282651072125,1.3391812865497077
Bulgaria,736,262,0.35597826086956524,1.3804347826086956,1.5013586956521738
Jamaica,663,258,0.3891402714932127,1.330316742081448,1.3182503770739065
Kenya,706,268,0.37960339943342775,1.385269121813031,1.3569405099150142
Bolivia,534,119,0.22284644194756553,1.0205992509363295,1.9681647940074907
Peru,714,231,0.3235294117647059,1.2030812324929971,1.3977591036414565
Honduras,620,247,0.39838709677419354,1.4661290322580645,1.2870967741935484
Uganda,685,285,0.41605839416058393,1.5036496350364963,1.181021897810219
Belarus,315,94,0.2984126984126984,1.1523809523809523,1.4730158730158731
El Salvador,614,200,0.3257328990228013,1.247557003257329,1.519543973941368
Barbados,302,94,0.31125827814569534,1.3013245033112584,1.7450331125827814
Trinidad and Tobago,753,321,0.4262948207171315,1.6839309428950864,1.3373173970783532
Cuba,397,139,0.3501259445843829,1.3400503778337531,1.5239294710327456
Curaçao,388,143,0.36855670103092786,1.6391752577319587,1.5850515463917525
Dominica,215,52,0.24186046511627907,1.1627906976744187,2.027906976744186
Silesia,8,3,0.375,3.0,2.125
Guadeloupe,271,115,0.42435424354243545,1.7084870848708487,1.4391143911439115
Israel,498,181,0.3634538152610442,1.5060240963855422,1.4799196787148594
French Guiana,179,54,0.3016759776536313,1.4916201117318435,1.7094972067039107
Panama,542,183,0.3376383763837638,1.2527675276752768,1.518450184501845
Colombia,641,259,0.4040561622464899,1.2886115444617785,1.1497659906396256
Venezuela,460,117,0.2543478260869565,1.05,1.8608695652173912
Ecuador,594,183,0.30808080808080807,1.207070707070707,1.5218855218855218
Saint Kitts and Nevis,226,90,0.39823008849557523,1.7123893805309736,1.6460176991150441
Slovakia,367,149,0.40599455040871935,1.4114441416893733,1.2479564032697548
Manchukuo,3,0,0.0,0.0,5.333333333333333
Croatia,399,209,0.5238095238095238,1.7293233082706767,1.012531328320802
Nicaragua,222,51,0.22972972972972974,1.054054054054054,2.4054054054054053
Afghanistan,147,36,0.24489795918367346,0.9659863945578231,1.9931972789115646
India,534,190,0.35580524344569286,1.3670411985018727,1.6142322097378277
Martinique,331,145,0.4380664652567976,1.770392749244713,1.3021148036253776
Zimbabwe,496,190,0.38306451612903225,1.3306451612903225,1.1915322580645162
Iceland,522,159,0.3045977011494253,1.210727969348659,1.6781609195402298
Albania,398,110,0.27638190954773867,0.9472361809045227,1.479899497487437
Madagascar,320,118,0.36875,1.35625,1.5125
Zambia,793,358,0.4514501891551072,1.5561160151324085,1.073139974779319
Mauritius,325,91,0.28,1.2676923076923077,1.6092307692307692
Tanzania,599,163,0.27212020033388984,1.1018363939899833,1.4891485809682805
Iran,615,349,0.567479674796748,1.8813008130081301,0.7886178861788617
Djibouti,111,7,0.06306306306306306,0.6666666666666666,3.6126126126126126
DR Congo,527,206,0.3908918406072106,1.4800759013282732,1.191650853889943
Vietnam,297,128,0.43097643097643096,1.6464646464646464,1.367003367003367
Macau,148,21,0.14189189189189189,0.7702702702702703,3.0945945945945947
Ethiopia,409,144,0.35207823960880197,1.3422982885085575,1.4547677261613692
Puerto Rico,163,41,0.25153374233128833,1.2576687116564418,2.3435582822085887
Réunion,124,53,0.4274193548387097,1.7661290322580645,1.7741935483870968
Sierra Leone,301,91,0.3023255813953488,0.9634551495016611,1.3787375415282392
Zanzibar,209,44,0.21052631578947367,0.9138755980861244,2.0861244019138754
South Korea,1010,539,0.5336633663366337,1.7762376237623763,0.906930693069307
Ghana,674,312,0.4629080118694362,1.5623145400593472,1.0385756676557865
South Africa,483,215,0.4451345755693582,1.3478260869565217,0.9461697722567288
New Caledonia,265,136,0.5132075471698113,2.6339622641509433,1.3924528301886792
Fiji,268,116,0.43283582089552236,2.2686567164179103,1.6380597014925373
Nigeria,661,311,0.47049924357034795,1.524962178517398,1.0015128593040847
Myanmar,512,210,0.41015625,1.603515625,1.65234375
Sri Lanka,251,49,0.1952191235059761,0.9442231075697212,2.2948207171314743
Tahiti,242,131,0.5413223140495868,2.7148760330578514,1.5330578512396693
Gambia,266,73,0.2744360902255639,1.0488721804511278,1.3909774436090225
Hong Kong,447,143,0.319910514541387,1.4496644295302012,1.6375838926174497
Singapore,696,219,0.3146551724137931,1.3477011494252873,1.8232758620689655
Malaysia,835,327,0.3916167664670659,1.6323353293413174,1.4502994011976047
Indonesia,728,282,0.3873626373626374,1.6662087912087913,1.6153846153846154
Guinea-Bissau,190,52,0.2736842105263158,0.9947368421052631,1.4736842105263157
German DR,298,140,0.4697986577181208,1.6979865771812082,1.2114093959731544
Vanuatu,214,69,0.32242990654205606,1.8831775700934579,2.149532710280374
Kernow,12,7,0.5833333333333334,2.6666666666666665,1.5833333333333333
Saarland,9,1,0.1111111111111111,1.1111111111111112,2.888888888888889
Taiwan,245,68,0.27755102040816326,1.3061224489795917,2.5061224489795917
Cambodia,295,65,0.22033898305084745,1.11864406779661,2.5762711864406778
Lebanon,333,93,0.27927927927927926,1.1561561561561562,1.4084084084084083
Pakistan,251,55,0.21912350597609562,0.9402390438247012,2.298804780876494
Vietnam Republic,195,82,0.4205128205128205,1.8666666666666667,1.6
North Korea,390,162,0.4153846153846154,1.6102564102564103,1.1153846153846154
Togo,447,141,0.31543624161073824,1.1006711409395973,1.3870246085011186
Sudan,469,151,0.32196162046908317,1.0831556503198294,1.35181236673774
Malta,458,65,0.14192139737991266,0.6506550218340611,2.2423580786026203
Syria,484,173,0.3574380165289256,1.4297520661157024,1.3181818181818181
Tunisia,681,296,0.434654919236417,1.4317180616740088,1.0205580029368575
Malawi,644,219,0.34006211180124224,1.1692546583850931,1.2919254658385093
Morocco,620,306,0.4935483870967742,1.479032258064516,0.7983870967741935
Benin,325,84,0.25846153846153846,1.083076923076923,1.7261538461538461
Thailand,865,339,0.3919075144508671,1.606936416184971,1.4809248554913295
Ivory Coast,639,326,0.5101721439749609,1.6322378716744914,0.9921752738654147
Burkina Faso,464,164,0.35344827586206895,1.25,1.3297413793103448
Congo,406,134,0.33004926108374383,1.2881773399014778,1.4729064039408868
Cameroon,616,271,0.43993506493506496,1.405844155844156,1.0389610389610389
Mali,569,232,0.4077328646748682,1.311072056239016,1.1001757469244289
North Vietnam,24,7,0.2916666666666667,2.0416666666666665,2.1666666666666665
Mongolia,103,25,0.24271844660194175,1.1359223300970873,3.0679611650485437
Cyprus,426,82,0.19248826291079812,0.8802816901408451,2.176056338028169
Iraq,658,304,0.46200607902735563,1.5288753799392096,0.9316109422492401
Saint Lucia,230,80,0.34782608695652173,1.4217391304347826,1.9043478260869566
Grenada,260,86,0.33076923076923076,1.623076923076923,1.8615384615384616
Senegal,641,298,0.46489859594383776,1.3775351014040562,0.9391575663026521
Central African Republic,138,29,0.21014492753623187,1.0579710144927537,1.9057971014492754
Chad,138,26,0.18840579710144928,0.8478260869565217,1.7246376811594204
Libya,384,143,0.3723958333333333,1.3020833333333333,1.2135416666666667
Gabon,405,141,0.34814814814814815,1.1777777777777778,1.1950617283950618
Guinea,539,200,0.37105751391465674,1.3543599257884973,1.2244897959183674
Algeria,620,288,0.4645161290322581,1.5370967741935484,0.9935483870967742
Kuwait,684,285,0.4166666666666667,1.5599415204678362,1.1257309941520468
Jordan,488,180,0.36885245901639346,1.2704918032786885,1.1147540983606556
Liberia,302,79,0.26158940397350994,0.8940397350993378,1.4735099337748345
Solomon Islands,214,90,0.4205607476635514,2.1588785046728973,1.9672897196261683
Laos,224,42,0.1875,1.0133928571428572,3.1294642857142856
Saint Vincent and the Grenadines,236,88,0.3728813559322034,1.576271186440678,1.8728813559322033
Bermuda,198,68,0.3434343434343434,1.6565656565656566,1.7626262626262625
Niger,260,61,0.23461538461538461,0.9846153846153847,1.626923076923077
Montenegro,170,58,0.3411764705882353,1.1823529411764706,1.3705882352941177
Palestine,249,74,0.2971887550200803,1.3333333333333333,1.3895582329317269
Bahrain,584,207,0.3544520547945205,1.2414383561643836,1.2945205479452055
Papua New Guinea,155,52,0.33548387096774196,2.167741935483871,2.0129032258064514
Mauritania,273,52,0.19047619047619047,0.7252747252747253,1.5897435897435896
Saudi Arabia,744,351,0.4717741935483871,1.5309139784946237,1.0456989247311828
Eswatini,274,55,0.20072992700729927,0.843065693430657,1.6605839416058394
Western Australia,32,11,0.34375,1.96875,2.34375
Somalia,124,11,0.08870967741935484,0.5,2.661290322580645
Lesotho,296,54,0.18243243243243243,0.777027027027027,1.5743243243243243
Cook Islands,53,11,0.20754716981132076,0.8113207547169812,4.981132075471698
Qatar,638,260,0.40752351097178685,1.4043887147335423,1.213166144200627
Antigua and Barbuda,231,71,0.30735930735930733,1.3246753246753247,1.8311688311688312
Faroe Islands,287,57,0.1986062717770035,0.8362369337979094,2.2439024390243905
Bangladesh,305,80,0.26229508196721313,0.9049180327868852,1.8229508196721311
Yemen,266,53,0.19924812030075187,0.9736842105263158,2.169172932330827
Oman,543,206,0.37937384898710863,1.29097605893186,1.2578268876611418
Yemen DPR,25,5,0.2,1.0,2.76
Burundi,218,65,0.2981651376146789,1.0871559633027523,1.353211009174312
Mozambique,375,118,0.31466666666666665,1.032,1.2933333333333332
Guam,123,25,0.2032520325203252,1.1382113821138211,4.902439024390244
Angola,415,141,0.3397590361445783,1.1325301204819278,1.0313253012048194
Dominican Republic,159,62,0.389937106918239,1.6729559748427674,1.5974842767295598
Seychelles,176,26,0.14772727272727273,0.7670454545454546,2.2613636363636362
Rwanda,280,88,0.3142857142857143,1.0321428571428573,1.2
São Tomé and Príncipe,71,9,0.1267605633802817,0.7464788732394366,2.563380281690141
Botswana,332,90,0.2710843373493976,0.8072289156626506,1.283132530120482
Northern Cyprus,34,20,0.5882352941176471,2.8823529411764706,0.9117647058823529
Cape Verde,238,89,0.3739495798319328,1.084033613445378,1.1134453781512605
Kyrgyzstan,191,57,0.29842931937172773,1.1518324607329844,1.6806282722513088
Georgia,307,100,0.3257328990228013,1.247557003257329,1.4039087947882736
Azerbaijan,310,61,0.1967741935483871,0.7677419354838709,1.6774193548387097
Comoros,151,36,0.23841059602649006,0.8874172185430463,1.6158940397350994
Kiribati,11,0,0.0,0.6363636363636364,11.454545454545455
Tonga,68,16,0.23529411764705882,1.1911764705882353,3.7205882352941178
Wallis Islands and Futuna,24,5,0.20833333333333334,0.9583333333333334,4.541666666666667
United Arab Emirates,612,246,0.4019607843137255,1.4166666666666667,1.2418300653594772
Brunei,137,22,0.16058394160583941,0.781021897810219,3.2773722627737225
Equatorial Guinea,179,49,0.2737430167597765,0.8715083798882681,1.4636871508379887
Liechtenstein,259,19,0.07335907335907337,0.40540540540540543,2.8030888030888033
Nepal,268,63,0.23507462686567165,0.8544776119402985,2.246268656716418
Greenland,77,25,0.3246753246753247,1.8831168831168832,2.064935064935065
Niue,2,0,0.0,0.0,16.5
Samoa,71,22,0.30985915492957744,1.3943661971830985,3.507042253521127
American Samoa,55,4,0.07272727272727272,0.6,6.490909090909091
Belize,121,31,0.256198347107438,1.0991735537190082,1.9256198347107438
Maldives,233,63,0.2703862660944206,1.1888412017167382,2.257510729613734
Anguilla,91,7,0.07692307692307693,0.5714285714285714,3.8351648351648353
Cayman Islands,120,25,0.20833333333333334,0.9833333333333333,2.45
Palau,2,0,0.0,2.0,10.5
Sint Maarten,60,20,0.3333333333333333,1.4666666666666666,2.55
Namibia,279,70,0.25089605734767023,0.978494623655914,1.4229390681003584
Åland Islands,51,21,0.4117647058823529,1.5098039215686274,1.6862745098039216
Ynys Môn,67,37,0.5522388059701493,1.8656716417910448,1.4328358208955223
Saint Martin,68,25,0.36764705882352944,1.4852941176470589,2.4558823529411766
San Marino,225,3,0.013333333333333334,0.19555555555555557,3.9555555555555557
Slovenia,317,114,0.35962145110410093,1.2365930599369086,1.1735015772870663
Shetland,58,21,0.3620689655172414,1.7413793103448276,1.9482758620689655
Isle of Wight,48,26,0.5416666666666666,2.3541666666666665,1.25
Moldova,299,58,0.1939799331103679,0.8127090301003345,1.745819397993311
Ukraine,338,152,0.44970414201183434,1.4053254437869822,1.0591715976331362
Kazakhstan,269,71,0.26394052044609667,1.1486988847583643,1.6505576208178439
Tajikistan,201,78,0.3880597014925373,1.4875621890547264,1.3830845771144278
Uzbekistan,357,169,0.4733893557422969,1.719887955182073,1.112044817927171
Turkmenistan,175,64,0.3657142857142857,1.5142857142857142,1.52
Armenia,272,65,0.23897058823529413,1.0073529411764706,1.8345588235294117
Gibraltar,160,40,0.25,1.13125,2.475
Isle of Man,58,35,0.603448275862069,3.206896551724138,1.5
North Macedonia,306,95,0.3104575163398693,1.1928104575163399,1.34640522875817
Czech Republic,363,191,0.5261707988980716,1.7768595041322315,1.022038567493113
Montserrat,66,17,0.25757575757575757,1.0909090909090908,2.9545454545454546
Serbia,348,155,0.4454022988505747,1.5258620689655173,1.0977011494252873
Canary Islands,4,3,0.75,2.75,0.75
Bosnia and Herzegovina,286,104,0.36363636363636365,1.3636363636363635,1.3741258741258742
Andorra,229,14,0.0611353711790393,0.32751091703056767,2.37117903930131
British Virgin Islands,123,22,0.17886178861788618,0.926829268292683,2.9430894308943087
Frøya,37,7,0.1891891891891892,1.6216216216216217,3.945945945945946
Hitra,23,6,0.2608695652173913,1.608695652173913,4.0
United States Virgin Islands,78,10,0.1282051282051282,0.6923076923076923,3.782051282051282
Corsica,9,4,0.4444444444444444,1.1111111111111112,0.5555555555555556
Eritrea,71,11,0.15492957746478872,0.676056338028169,1.704225352112676
Bahamas,67,14,0.208955223880597,1.1194029850746268,3.1791044776119404
Gotland,30,11,0.36666666666666664,2.7,1.9
Saare County,35,5,0.14285714285714285,1.1714285714285715,2.5428571428571427
Rhodes,18,11,0.6111111111111112,1.6111111111111112,1.0555555555555556
Micronesia,7,1,0.14285714285714285,1.1428571428571428,8.428571428571429
Bhutan,110,11,0.1,0.5545454545454546,3.6545454545454548
Western Sahara,9,2,0.2222222222222222,1.7777777777777777,4.222222222222222
Orkney,28,9,0.32142857142857145,1.3571428571428572,3.0
Monaco,24,8,0.3333333333333333,1.7083333333333333,3.6666666666666665
Tuvalu,39,8,0.20512820512820512,1.1538461538461537,5.333333333333333
Sark,4,0,0.0,0.0,17.5
Mayotte,38,11,0.2894736842105263,1.3421052631578947,1.4736842105263157
Turks and Caicos Islands,52,12,0.23076923076923078,1.0,3.5961538461538463
Timor-Leste,86,9,0.10465116279069768,0.8255813953488372,3.302325581395349
Occitania,33,19,0.5757575757575758,3.121212121212121,1.1515151515151516
Chechnya,3,0,0.0,1.0,9.666666666666666
Western Isles,34,13,0.38235294117647056,1.5,2.264705882352941
Falkland Islands,33,6,0.18181818181818182,0.9393939393939394,3.6666666666666665
Kosovo,104,42,0.40384615384615385,1.4615384615384615,1.3365384615384615
Republic of St. Pauli,4,1,0.25,2.5,1.25
Găgăuzia,3,0,0.0,0.6666666666666666,3.0
Tibet,21,1,0.047619047619047616,1.4285714285714286,5.761904761904762
Sápmi,29,12,0.41379310344827586,3.103448275862069,1.8620689655172413
Northern Mariana Islands,30,4,0.13333333333333333,0.9,4.3
Romani people,7,2,0.2857142857142857,1.8571428571428572,3.7142857142857144
Menorca,25,11,0.44,2.24,1.28
Provence,23,8,0.34782608695652173,3.1739130434782608,2.5652173913043477
Arameans Suryoye,10,5,0.5,1.6,1.2
Padania,45,30,0.6666666666666666,2.688888888888889,0.8
Iraqi Kurdistan,27,13,0.48148148148148145,2.259259259259259,1.0
Gozo,14,4,0.2857142857142857,2.2142857142857144,2.0
Bonaire,44,14,0.3181818181818182,1.4318181818181819,2.477272727272727
Chagos Islands,16,3,0.1875,1.75,4.75
Sealand,12,4,0.3333333333333333,2.25,2.5
Kurdistan,5,4,0.8,2.4,0.4
Raetia,26,6,0.23076923076923078,1.6538461538461537,3.9615384615384617
Darfur,7,0,0.0,0.14285714285714285,14.142857142857142
Tamil Eelam,28,16,0.5714285714285714,2.5714285714285716,2.1785714285714284
South Sudan,78,12,0.15384615384615385,0.6410256410256411,1.8205128205128205
Saint Barthélemy,10,4,0.4,2.5,3.0
Abkhazia,33,15,0.45454545454545453,1.6363636363636365,0.7878787878787878
Saint Pierre and Miquelon,7,0,0.0,0.2857142857142857,11.142857142857142
Artsakh,11,6,0.5454545454545454,2.909090909090909,1.2727272727272727
Madrid,1,0,0.0,1.0,2.0
Quebec,3,2,0.6666666666666666,8.0,0.6666666666666666
Saugeais,1,0,0.0,1.0,1.0
Ellan Vannin,22,11,0.5,2.4545454545454546,1.4545454545454546
Vatican City,8,0,0.0,0.75,2.625
Somaliland,6,2,0.3333333333333333,2.3333333333333335,3.3333333333333335
Franconia,3,2,0.6666666666666666,2.6666666666666665,3.6666666666666665
South Ossetia,17,5,0.29411764705882354,2.0588235294117645,2.176470588235294
County of Nice,9,6,0.6666666666666666,2.111111111111111,1.4444444444444444
Seborga,1,0,0.0,2.0,3.0
Székely Land,27,9,0.3333333333333333,2.074074074074074,2.074074074074074
Panjab,19,9,0.47368421052631576,2.8421052631578947,1.5789473684210527
Felvidék,12,5,0.4166666666666667,1.1666666666666667,1.6666666666666667
Luhansk PR,6,2,0.3333333333333333,1.5,2.0
Donetsk PR,6,2,0.3333333333333333,1.3333333333333333,1.1666666666666667
United Koreans in Japan,12,3,0.25,1.6666666666666667,0.9166666666666666
Western Armenia,16,5,0.3125,2.125,1.25
Délvidék,2,1,0.5,2.0,1.5
Barawa,12,3,0.25,1.3333333333333333,3.8333333333333335
Ryūkyū,1,0,0.0,0.0,9.0
Kárpátalja,11,5,0.45454545454545453,2.272727272727273,1.1818181818181819
Yorkshire,7,5,0.7142857142857143,3.857142857142857,1.5714285714285714
Matabeleland,8,3,0.375,0.875,1.75
Cascadia,7,4,0.5714285714285714,3.2857142857142856,2.0
Kabylia,6,1,0.16666666666666666,1.3333333333333333,2.5
Parishes of Jersey,3,2,0.6666666666666666,3.6666666666666665,1.3333333333333333
Chameria,7,3,0.42857142857142855,2.0,1.1428571428571428
Saint Helena,8,0,0.0,0.75,5.125
West Papua,2,0,0.0,1.5,4.5
Elba Island,2,2,1.0,4.5,1.0
Yoruba Nation,2,0,0.0,0.5,1.0
Biafra,3,2,0.6666666666666666,0.6666666666666666,0.3333333333333333
Mapuche,2,1,0.5,1.5,1.0
Aymara,2,0,0.0,0.5,2.0
Ticino,2,0,0.0,1.0,6.5
Hmong,3,1,0.3333333333333333,2.0,3.3333333333333335
Marshall Islands,2,0,0.0,1.0,3.5
Asturias,1,1,1.0,3.0,1.0
South Yemen,3,0,0.0,0.3333333333333333,2.6666666666666665
Ambazonia,6,0,0.0,0.5,2.8333333333333335
Crimea,5,3,0.6,1.4,2.2
Two Sicilies,6,1,0.16666666666666666,0.5,3.0
Cilento,1,0,0.0,0.0,2.0
Surrey,1,1,1.0,3.0,1.0
East Turkestan,5,2,0.4,3.0,3.2
Maule Sur,2,2,1.0,1.0,0.0
